log,no_distinct_traces,no_total_traces,avg_trace_length,avg_event_repetition_intra_trace,no_distinct_events,no_events_total,no_distinct_start,no_distinct_end,density,length_one_loops,total_no_activities,percentage_concurrency,percentage_sequence,dfg_mean_variable_degree,dfg_variation_coefficient_variable_degree,dfg_min_variable_degree,dfg_max_variable_degree,dfg_entropy_variable_degree,dfg_wcc_min,dfg_wcc_max
1858803897,3.0,1063.0,0.0037629350893697085,0.0009407337723424271,2.0,1064.0,2.0,2.0,0.25,0.5,2,0.25,0.0,2.5,0.34641016151377546,2,4,1.3321790402101223,0.0,0.0
1016267488,7.0,1373.0,0.009468317552804079,0.0014566642388929353,6.0,1380.0,1.0,6.0,0.3055555555555556,0.16666666666666666,6,0.027777777777777776,0.1388888888888889,3.25,0.7956984948298924,1,9,1.8174407758294144,0.0,0.0
481818532,15.0,1458.0,0.05555555555555555,0.0027434842249657062,10.0,7296.0,2.0,1.0,0.38,0.2,10,0.08,0.15,4.333333333333333,0.7614996105085896,1,11,2.2152491765654116,0.12150174934347997,0.12150174934347997
442828007,31.0,1038.0,0.3198458574181118,1.4007707129094413,30.0,10302.0,4.0,2.0,0.09777777777777778,0.0,30,0.013333333333333334,0.04555555555555556,3.6875,0.8343047101178962,2,14,3.1984289914171184,0.005752835157990079,0.005752835157990079
293683683,21.0,1325.0,0.08981132075471698,0.47924528301886793,22.0,7263.0,3.0,1.0,0.1446280991735537,0.09090909090909091,22,0.004132231404958678,0.07024793388429752,3.3333333333333335,0.6164414002968976,1,9,3.0124447029484305,0.0008959324113661666,0.0008959324113661666
2188601993,6.0,1407.0,0.014214641080312722,0.0014214641080312722,6.0,4223.0,2.0,1.0,0.4444444444444444,0.3333333333333333,6,0.05555555555555555,0.19444444444444445,3.0,0.5527707983925666,1,6,1.9327162775771973,0.0,0.0
3254344536,15.0,1394.0,0.054519368723098996,0.0,14.0,6971.0,3.0,4.0,0.22448979591836735,0.0,14,0.030612244897959183,0.09693877551020408,4.0,0.7342087577794206,2,12,2.546299420821623,0.0774498595335943,0.0774498595335943
3104400685,6.0,1198.0,0.011686143572621035,0.0008347245409015025,6.0,2398.0,4.0,2.0,0.3055555555555556,0.16666666666666666,6,0.027777777777777776,0.1388888888888889,3.0,0.6666666666666666,2,8,1.9072839993213793,0.0,0.0
254660268,18.0,1105.0,0.14479638009049775,0.5058823529411764,20.0,8069.0,1.0,2.0,0.1375,0.05,20,0.0025,0.0675,2.8181818181818183,0.4740947889257764,1,7,2.9935023401974705,0.0003905696022914081,0.0003905696022914081
2303843398,91.0,1249.0,2.422738190552442,6.526020816653323,42.0,22556.0,2.0,3.0,0.08163265306122448,0.047619047619047616,42,0.003401360544217687,0.0391156462585034,3.6363636363636362,0.7691310031457579,2,12,3.547978977612943,0.0040344239315565356,0.0040344239315565356
3275032853,4.0,1228.0,0.005700325732899023,0.0008143322475570033,3.0,1231.0,1.0,3.0,0.5555555555555556,0.3333333333333333,3,0.1111111111111111,0.2222222222222222,2.8,0.614451804788759,1,6,1.4377014436429414,0.0,0.0
118779160,13.0,1476.0,0.052845528455284556,0.0,13.0,8856.0,3.0,2.0,0.2485207100591716,0.0,13,0.03550295857988166,0.10650887573964497,3.8666666666666667,0.6668648139935764,2,9,2.510535028275076,0.035700735598391355,0.035700735598391355
699809920,58.0,1460.0,0.5561643835616439,2.3294520547945203,48.0,17256.0,2.0,4.0,0.07161458333333333,0.020833333333333332,48,0.002170138888888889,0.034722222222222224,3.64,0.8070753418452106,2,16,3.6681067003446675,0.00357296772530261,0.00357296772530261
1717818926,3.0,1146.0,0.004363001745200698,0.0008726003490401396,2.0,1148.0,1.0,2.0,0.75,0.5,2,0.25,0.25,2.5,0.6,1,5,1.2206072645530175,0.0,0.0
3698444740,4.0,1156.0,0.0034602076124567475,0.0,4.0,1156.0,4.0,4.0,0.0,0.0,4,0.0,0.0,2.6666666666666665,0.3535533905932738,2,4,1.7328679513998633,0.0,0.0
3911589811,6.0,1117.0,0.017905102954341987,0.0008952551477170994,7.0,3353.0,2.0,2.0,0.3469387755102041,0.14285714285714285,7,0.02040816326530612,0.16326530612244897,2.888888888888889,0.44522449626116256,2,5,2.1058918174237933,0.0,0.0
1495787027,9.0,1174.0,0.03747870528109029,0.0017035775127768314,12.0,5311.0,1.0,1.0,0.25,0.16666666666666666,12,0.013888888888888888,0.11805555555555555,3.0,0.5773502691896257,1,7,2.4835653414113037,0.0,0.0
2371567330,15.0,1010.0,0.06336633663366337,0.899009900990099,12.0,3941.0,5.0,2.0,0.19444444444444445,0.16666666666666666,12,0.027777777777777776,0.09027777777777778,3.4285714285714284,0.8799463367476199,2,13,2.3676242873712052,0.0007957619258276545,0.0007957619258276545
1885872358,4.0,1441.0,0.004163775156141568,0.0006939625260235947,3.0,1443.0,2.0,3.0,0.3333333333333333,0.3333333333333333,3,0.1111111111111111,0.1111111111111111,2.8,0.41649656391752143,2,5,1.5317780787913653,0.0,0.0
432482109,2.0,1251.0,0.003996802557953637,0.0,3.0,2503.0,1.0,1.0,0.6666666666666666,0.0,3,0.0,0.3333333333333333,2.0,0.4472135954999579,1,3,1.5047882836811908,0.0014362897933545894,0.0014362897933545894
2878996361,8.0,1286.0,0.020995334370139968,0.0007776049766718507,9.0,3861.0,1.0,5.0,0.25925925925925924,0.1111111111111111,9,0.012345679012345678,0.12345679012345678,3.090909090909091,0.6389870877176598,1,8,2.222139510189592,0.00044819880168032875,0.00044819880168032875
1292086060,2.0,1064.0,0.0018796992481203006,0.0,2.0,1064.0,2.0,2.0,0.0,0.0,2,0.0,0.0,2.0,0.0,2,2,1.3862943611198906,0.0,0.0
1787719965,20.0,1168.0,0.21575342465753425,2.8047945205479454,21.0,10336.0,1.0,3.0,0.15192743764172337,0.047619047619047616,21,0.0022675736961451248,0.07482993197278912,3.3043478260869565,0.721887722333958,1,11,2.9291222440680302,0.0002219193143032315,0.0002219193143032315
2705412886,16.0,1263.0,0.07442596991290577,1.3436262866191608,14.0,6105.0,4.0,4.0,0.14795918367346939,0.07142857142857142,14,0.025510204081632654,0.07142857142857142,3.375,0.7969420293092597,2,13,2.5549991465959847,0.0,0.0
691386623,41.0,1272.0,0.4229559748427673,0.0015723270440251573,39.0,16541.0,1.0,2.0,0.09401709401709402,0.02564102564102564,39,0.009861932938856016,0.042077580539119,4.0,0.8058475314241764,1,13,3.4431931986951816,0.008048876859426311,0.008048876859426311
3802732631,13.0,1129.0,0.07528786536758193,1.3888396811337467,11.0,5518.0,2.0,1.0,0.2066115702479339,0.09090909090909091,11,0.05785123966942149,0.09090909090909091,3.230769230769231,0.769309258162072,1,10,2.3309885875580916,0.0007587748214667159,0.0007587748214667159
3385639942,35.0,1107.0,0.42276422764227645,0.5004516711833785,25.0,13840.0,2.0,1.0,0.1648,0.04,25,0.0368,0.064,4.888888888888889,0.7005015912464744,1,13,3.062105697924692,0.019745552009805073,0.019745552009805073
91191529,5.0,1125.0,0.013333333333333334,0.0,7.0,3375.0,2.0,1.0,0.3673469387755102,0.0,7,0.0,0.1836734693877551,2.6666666666666665,0.5,1,5,2.0813168388502463,0.0,0.0
1341268138,9.0,1138.0,0.03427065026362039,0.0008787346221441124,11.0,4555.0,3.0,2.0,0.2396694214876033,0.09090909090909091,11,0.008264462809917356,0.11570247933884298,3.076923076923077,0.6174544517614234,2,8,2.4087353334374146,0.0008019582444720423,0.0008019582444720423
1026666400,16.0,1428.0,0.04971988795518207,0.0021008403361344537,17.0,5720.0,1.0,4.0,0.18685121107266436,0.11764705882352941,17,0.006920415224913495,0.08996539792387544,3.473684210526316,0.8829577142020281,1,13,2.6537594560010724,0.001087114237019608,0.001087114237019608
2696091329,8.0,1008.0,0.0248015873015873,0.000992063492063492,9.0,3025.0,3.0,1.0,0.30864197530864196,0.1111111111111111,9,0.012345679012345678,0.14814814814814814,3.090909090909091,0.6389870877176598,1,8,2.2262113613097068,0.0,0.0
44748299,8.0,1011.0,0.032640949554896145,0.0009891196834817012,9.0,4045.0,2.0,3.0,0.30864197530864196,0.1111111111111111,9,0.037037037037037035,0.13580246913580246,3.4545454545454546,0.5966202130923491,2,8,2.2438792834498416,0.05323040900536806,0.05323040900536806
1599037190,7.0,1267.0,0.02367797947908445,0.0015785319652722968,7.0,5070.0,3.0,2.0,0.3469387755102041,0.14285714285714285,7,0.061224489795918366,0.14285714285714285,3.3333333333333335,0.4898979485566356,2,7,2.089511074111306,0.1252460154709642,0.1252460154709642
3312542026,31.0,1121.0,0.3220338983050847,1.9420160570918823,29.0,12271.0,2.0,5.0,0.09036860879904875,0.06896551724137931,29,0.011890606420927468,0.04280618311533888,3.4193548387096775,0.7269662207286222,2,11,3.2265946563849814,0.0002638248803441019,0.0002638248803441019
3332290715,123.0,1067.0,2.114339268978444,4.360824742268041,28.0,15886.0,3.0,1.0,0.10714285714285714,0.21428571428571427,28,0.012755102040816327,0.04974489795918367,3.533333333333333,0.7619932266531575,1,12,3.17170218546361,0.006874613118931464,0.006874613118931464
2624920552,5.0,1480.0,0.007432432432432433,0.0006756756756756757,5.0,2961.0,4.0,1.0,0.36,0.2,5,0.04,0.16,2.857142857142857,0.47434164902525694,1,5,1.830910896829526,0.0,0.0
2671600051,2.0,1185.0,0.002531645569620253,0.0016877637130801688,1.0,1187.0,1.0,1.0,1.0,1.0,1,1.0,0.0,2.0,0.7071067811865476,1,4,0.8675632284814612,0.0,0.0
2009812625,10.0,1222.0,0.06382978723404255,1.400163666121113,10.0,8440.0,1.0,1.0,0.23,0.1,10,0.05,0.1,2.8333333333333335,0.5161743757289483,1,5,2.3524177363045484,0.000522360073792526,0.000522360073792526
1712228818,44.0,1224.0,0.5106209150326797,2.230392156862745,20.0,8533.0,2.0,4.0,0.15,0.0,20,0.0,0.075,3.272727272727273,0.6718548123582123,2,11,2.9171830059936408,0.0,0.0
3975214686,5.0,1363.0,0.005135730007336757,0.001467351430667645,4.0,1366.0,3.0,4.0,0.1875,0.25,4,0.0625,0.0625,3.0,0.38490017945975047,2,5,1.7210891492287168,0.0,0.0
322940839,28.0,1468.0,0.26907356948228883,0.4373297002724796,43.0,19451.0,2.0,3.0,0.0638182801514332,0.0,43,0.005408328826392645,0.030827474310438075,3.2,0.47324236215002285,2,7,3.704818824612794,0.005157685125893346,0.005157685125893346
350971820,25.0,1472.0,0.15353260869565216,0.0006793478260869565,27.0,13249.0,2.0,3.0,0.1440329218106996,0.037037037037037035,27,0.01783264746227709,0.06310013717421124,4.413793103448276,0.9111532227416529,2,13,3.0254197773983345,0.018426573302837417,0.018426573302837417
1006755718,7.0,1494.0,0.020080321285140562,0.0006693440428380187,9.0,5978.0,3.0,1.0,0.2839506172839506,0.1111111111111111,9,0.012345679012345678,0.13580246913580246,2.909090909090909,0.5376453291901642,1,7,2.2708961693636502,0.0004641626315666836,0.0004641626315666836
1908254161,14.0,1377.0,0.06172839506172839,1.458242556281772,9.0,6837.0,1.0,2.0,0.24691358024691357,0.4444444444444444,9,0.12345679012345678,0.08641975308641975,3.6363636363636362,0.8231038816577163,1,12,2.131924087846765,0.000498523172295202,0.000498523172295202
531398072,102.0,1401.0,1.150606709493219,0.894361170592434,29.0,8971.0,2.0,6.0,0.10107015457788347,0.10344827586206896,29,0.0035671819262782403,0.04875148632580262,3.3548387096774195,0.5540330881110744,2,8,3.2976117598848957,0.0009279047688623116,0.0009279047688623116
2888724393,6.0,1210.0,0.012396694214876033,0.0024793388429752068,5.0,2424.0,2.0,3.0,0.4,0.4,5,0.08,0.16,3.142857142857143,0.4937627496000098,2,6,1.8347351493572832,0.0,0.0
2410453912,4.0,1174.0,0.005110732538330494,0.0008517887563884157,3.0,1176.0,2.0,3.0,0.3333333333333333,0.3333333333333333,3,0.1111111111111111,0.1111111111111111,2.8,0.41649656391752143,2,5,1.5317780787913653,0.0,0.0
1707090652,59.0,1459.0,0.7292666209732693,2.3056888279643593,32.0,23077.0,2.0,2.0,0.111328125,0.0625,32,0.015625,0.048828125,4.117647058823529,0.7184166263245806,2,12,3.298177169387083,0.019312662418411747,0.019312662418411747
1513328011,3.0,1122.0,0.004456327985739751,0.00089126559714795,2.0,1124.0,1.0,2.0,0.75,0.5,2,0.25,0.25,2.5,0.6,1,5,1.2206072645530175,0.0,0.0
3434797254,19.0,1445.0,0.10657439446366782,0.0006920415224913495,24.0,11562.0,2.0,3.0,0.13368055555555555,0.041666666666666664,24,0.005208333333333333,0.0642361111111111,3.4615384615384617,0.7736397860235203,2,11,3.024656218462601,0.004700396907746604,0.004700396907746604
3857731324,7.0,1074.0,0.015828677839851025,0.00186219739292365,7.0,2152.0,2.0,4.0,0.30612244897959184,0.14285714285714285,7,0.02040816326530612,0.14285714285714285,3.111111111111111,0.5555838995037159,2,7,2.063222216719611,0.0006372642503237828,0.0006372642503237828
3463375453,5.0,1020.0,0.0058823529411764705,0.0,5.0,1021.0,4.0,5.0,0.08,0.0,5,0.0,0.04,2.857142857142857,0.39370039370059057,2,5,1.874063207697293,0.0,0.0
3746522848,15.0,1387.0,0.05695746214852199,0.0014419610670511895,12.0,6939.0,1.0,3.0,0.2916666666666667,0.16666666666666666,12,0.05555555555555555,0.125,4.285714285714286,0.7859884081701065,1,10,2.358564244051167,0.09728953378829346,0.09728953378829346
3381361286,89.0,1470.0,0.7272108843537415,0.0,30.0,17641.0,1.0,2.0,0.16666666666666666,0.0,30,0.04,0.06333333333333334,6.0,0.9013878188659974,1,17,3.086514309631151,0.04349894083371529,0.04349894083371529
1350183626,8.0,1310.0,0.03816793893129771,0.0,13.0,7862.0,2.0,2.0,0.20118343195266272,0.0,13,0.0,0.10059171597633136,2.8,0.41649656391752155,2,5,2.6303903674594746,0.000333761640445755,0.000333761640445755
2857922389,16.0,1067.0,0.15089034676663543,0.0009372071227741331,23.0,10671.0,3.0,3.0,0.11909262759924386,0.043478260869565216,23,0.001890359168241966,0.05860113421550094,3.04,0.42105263157894735,2,6,3.1380809900497386,0.0,0.0
3596755412,4.0,1381.0,0.003620564808110065,0.000724112961622013,3.0,1382.0,3.0,3.0,0.1111111111111111,0.3333333333333333,3,0.1111111111111111,0.0,2.8,0.2672612419124244,2,4,1.5740973368489728,0.0,0.0
2870637019,10.0,1464.0,0.01707650273224044,0.0020491803278688526,9.0,2934.0,4.0,2.0,0.2962962962962963,0.2222222222222222,9,0.024691358024691357,0.13580246913580246,3.4545454545454546,0.7841928645132282,2,10,2.1560883808627587,0.0011696535411749006,0.0011696535411749006
1233075246,21.0,1050.0,0.26476190476190475,0.0019047619047619048,26.0,13655.0,3.0,2.0,0.12721893491124261,0.07692307692307693,26,0.014792899408284023,0.05621301775147929,3.7857142857142856,0.6288993702829796,2,10,3.1596915620408903,0.02237164620454572,0.02237164620454572
2207458125,186.0,1226.0,2.8058727569331157,0.4265905383360522,63.0,19039.0,3.0,2.0,0.047367094986142604,0.0,63,0.0005039052658100278,0.02343159486016629,3.076923076923077,0.5012484413940855,2,9,4.066672084123336,0.0001307422537079785,0.0001307422537079785
977541615,5.0,1316.0,0.007598784194528876,0.0,6.0,2632.0,2.0,4.0,0.2777777777777778,0.0,6,0.0,0.1388888888888889,2.75,0.39626354032187944,2,5,2.0083299225285955,0.0,0.0
3298865970,18.0,1051.0,0.14081826831588962,0.0009514747859181732,23.0,8412.0,4.0,2.0,0.1342155009451796,0.043478260869565216,23,0.005671077504725898,0.06427221172022685,3.44,0.6266136551305804,2,8,3.046395737707449,0.009123245175338876,0.009123245175338876
179279298,19.0,1350.0,0.10148148148148148,1.9259259259259258,14.0,8007.0,2.0,2.0,0.1836734693877551,0.14285714285714285,14,0.04081632653061224,0.08163265306122448,3.5,0.9313146293146641,2,14,2.4726780630435714,0.0006236250941923174,0.0006236250941923174
609239426,133.0,1363.0,1.491562729273661,0.0022010271460014674,45.0,20399.0,2.0,2.0,0.08345679012345679,0.022222222222222223,45,0.012345679012345678,0.036049382716049384,4.340425531914893,0.7053715472060403,2,13,3.6288869094915097,0.016201985440510398,0.016201985440510398
2142244142,19.0,1447.0,0.09329647546648238,1.3994471319972357,18.0,8567.0,1.0,3.0,0.13271604938271606,0.05555555555555555,18,0.027777777777777776,0.06481481481481481,3.4,0.7578881603955956,1,10,2.7594615321917186,0.0,0.0
1389940244,11.0,1307.0,0.05279265493496557,0.0007651109410864575,14.0,7845.0,1.0,2.0,0.22959183673469388,0.07142857142857142,14,0.015306122448979591,0.10714285714285714,3.375,0.6859355250908199,1,10,2.574283494692025,0.013656986984906583,0.013656986984906583
301739240,29.0,1222.0,0.2332242225859247,1.1219312602291325,27.0,10815.0,3.0,2.0,0.12345679012345678,0.0,27,0.00823045267489712,0.05761316872427984,3.6551724137931036,0.5715143860702248,2,10,3.2233342013375434,0.021636356122747627,0.021636356122747627
2548369743,13.0,1464.0,0.06352459016393443,0.001366120218579235,18.0,10251.0,2.0,3.0,0.1574074074074074,0.05555555555555555,18,0.0030864197530864196,0.07716049382716049,3.1,0.5761474548223146,2,8,2.8554484896405175,0.00022001500762598405,0.00022001500762598405
429779153,9.0,1487.0,0.02824478816408877,0.9455279085406859,7.0,5871.0,1.0,3.0,0.3469387755102041,0.14285714285714285,7,0.02040816326530612,0.16326530612244897,2.888888888888889,0.5273580461846957,1,6,2.068304324405057,0.0011803345678528215,0.0011803345678528215
4000195002,56.0,1455.0,0.5869415807560138,2.7065292096219933,40.0,18497.0,4.0,2.0,0.07125,0.05,40,0.00875,0.03375,3.5238095238095237,0.7863425149176301,2,10,3.4890576655262713,0.00019588855142021468,0.00019588855142021468
2099219440,15.0,1188.0,0.07996632996632996,0.003367003367003367,16.0,7134.0,4.0,4.0,0.16796875,0.0625,16,0.01171875,0.078125,3.4444444444444446,0.6926100178575447,2,11,2.7008215600613763,0.012241428293760785,0.012241428293760785
755844866,11.0,1351.0,0.056254626202812734,0.9193190229459659,11.0,8001.0,1.0,2.0,0.256198347107438,0.09090909090909091,11,0.008264462809917356,0.12396694214876033,2.923076923076923,0.6359497880839249,1,8,2.3976887067594603,0.0015513032780106984,0.0015513032780106984
1165844913,11.0,1396.0,0.02650429799426934,0.0014326647564469914,11.0,4192.0,2.0,3.0,0.2644628099173554,0.18181818181818182,11,0.01652892561983471,0.12396694214876033,3.3846153846153846,0.7100226978096958,2,9,2.357138511216358,0.00035413501527472647,0.00035413501527472647
2084729734,7.0,1263.0,0.02454473475851148,0.000791765637371338,9.0,5055.0,2.0,2.0,0.2839506172839506,0.1111111111111111,9,0.012345679012345678,0.13580246913580246,2.909090909090909,0.5945717997012641,2,7,2.254544664871008,0.0005446316156020052,0.0005446316156020052
3937905825,25.0,1206.0,0.16832504145936983,0.0008291873963515755,29.0,9651.0,4.0,3.0,0.10107015457788347,0.034482758620689655,29,0.0011890606420927466,0.04994054696789536,3.225806451612903,0.5770615218501404,2,10,3.2984525460712097,0.00024840124492015467,0.00024840124492015467
3460454443,25.0,1260.0,0.22698412698412698,1.3261904761904761,27.0,13625.0,3.0,2.0,0.09465020576131687,0.1111111111111111,27,0.015089163237311385,0.04526748971193416,3.3793103448275863,0.8202710820596487,2,14,3.1283103905020133,0.0003596521769068759,0.0003596521769068759
87168713,9.0,1409.0,0.0234208658623137,0.0014194464158978,10.0,4711.0,1.0,1.0,0.32,0.2,10,0.02,0.15,3.1666666666666665,0.7498845709881583,1,9,2.2457509528977986,0.0025510179416789107,0.0025510179416789107
2069946935,9.0,1172.0,0.033276450511945395,0.0017064846416382253,10.0,4691.0,2.0,2.0,0.28,0.2,10,0.02,0.13,3.1666666666666665,0.6023959548557682,2,7,2.3303197543603766,0.0004500544810402939,0.0004500544810402939
419802638,93.0,1074.0,2.702048417132216,5.1582867783985105,27.0,15441.0,1.0,2.0,0.11659807956104253,0.037037037037037035,27,0.0013717421124828531,0.05761316872427984,3.1724137931034484,0.7812488185246266,1,12,3.140014059804822,0.00022317200451840035,0.00022317200451840035
3258291523,11.0,1395.0,0.055197132616487454,1.3118279569892473,9.0,6697.0,1.0,1.0,0.20987654320987653,0.1111111111111111,9,0.08641975308641975,0.09876543209876543,3.090909090909091,0.6389870877176598,1,7,2.205896798998366,0.00044402579427036434,0.00044402579427036434
4173856208,3.0,1212.0,0.004125412541254125,0.0,3.0,1214.0,1.0,3.0,0.4444444444444444,0.0,3,0.0,0.2222222222222222,2.4,0.4249182927993988,1,4,1.5171063970610275,0.0,0.0
3898379610,18.0,1469.0,0.10006807351940095,0.0020422055820285907,19.0,11755.0,1.0,2.0,0.19113573407202217,0.05263157894736842,19,0.024930747922437674,0.08310249307479224,4.0,0.7830039834478737,1,11,2.7791019250440447,0.02171020067087747,0.02171020067087747
516277885,9.0,1392.0,0.014367816091954023,0.0021551724137931034,9.0,2788.0,3.0,5.0,0.2345679012345679,0.1111111111111111,9,0.012345679012345678,0.1111111111111111,3.272727272727273,0.5983516452371671,2,7,2.242134798378653,0.00041983169088149737,0.00041983169088149737
275220555,36.0,1128.0,0.3776595744680851,0.0017730496453900709,28.0,12983.0,5.0,1.0,0.11224489795918367,0.07142857142857142,28,0.012755102040816327,0.04974489795918367,3.6666666666666665,0.6111904114171496,1,10,3.2346670802890736,0.011515087278457707,0.011515087278457707
253661025,15.0,1097.0,0.12488605287146765,0.0,23.0,9875.0,2.0,1.0,0.1323251417769376,0.0,23,0.0,0.0661625708884688,3.04,0.5383492775125995,1,7,3.08986205615063,0.00035739608251306995,0.00035739608251306995
355702046,8.0,1445.0,0.007612456747404845,0.0006920415224913495,7.0,1448.0,5.0,7.0,0.10204081632653061,0.14285714285714285,7,0.02040816326530612,0.04081632653061224,3.3333333333333335,0.58309518948453,2,7,2.0433012620739763,0.0,0.0
3847320465,14.0,1262.0,0.06259904912836767,0.0,22.0,6744.0,2.0,3.0,0.1322314049586777,0.0,22,0.004132231404958678,0.0640495867768595,3.1666666666666665,0.5210260492953508,2,7,3.0580622199230474,0.011692931112434664,0.011692931112434664
2246612985,37.0,1078.0,0.5769944341372912,1.2782931354359925,19.0,7263.0,3.0,1.0,0.13850415512465375,0.10526315789473684,19,0.01662049861495845,0.06371191135734072,3.142857142857143,0.5034317492677622,1,7,2.930099618678555,0.028794655766977244,0.028794655766977244
312765659,14.0,1333.0,0.07051762940735183,0.9227306826706677,14.0,7899.0,4.0,2.0,0.18877551020408162,0.07142857142857142,14,0.00510204081632653,0.09183673469387756,3.125,0.5973273809227231,2,9,2.6296522916975595,0.00128893761870945,0.00128893761870945
1038461740,8.0,1100.0,0.017272727272727273,0.0027272727272727275,8.0,2205.0,4.0,3.0,0.265625,0.125,8,0.015625,0.125,3.2,0.5555121510822243,2,7,2.167901267301015,0.0005714981259303521,0.0005714981259303521
2390262103,168.0,1208.0,1.9495033112582782,0.0,39.0,16915.0,2.0,2.0,0.1393819855358317,0.0,39,0.03418803418803419,0.05259697567389875,6.634146341463414,1.0238294016087914,2,22,3.2493140219656005,0.039138222927570444,0.039138222927570444
4247344080,3.0,1044.0,0.004789272030651341,0.0009578544061302681,2.0,1046.0,1.0,2.0,0.75,0.5,2,0.25,0.25,2.5,0.6,1,5,1.2206072645530175,0.0,0.0
2377773250,249.0,1432.0,3.945530726256983,0.0013966480446927375,62.0,32453.0,1.0,2.0,0.05463059313215401,0.03225806451612903,62,0.003121748178980229,0.026014568158168574,3.59375,0.6810977462057692,1,12,3.965533595262048,0.006187646888777429,0.006187646888777429
1041801052,3.0,1162.0,0.004302925989672977,0.0017211703958691911,2.0,1165.0,1.0,2.0,0.75,0.5,2,0.25,0.25,2.5,0.6,1,5,1.2206072645530175,0.0,0.0
1781601270,13.0,1290.0,0.03178294573643411,0.0,15.0,3872.0,5.0,3.0,0.17777777777777778,0.0,15,0.0,0.08888888888888889,3.2941176470588234,0.5486532677049006,2,7,2.698751265190942,0.001176285897247477,0.001176285897247477
6200465,17.0,1458.0,0.0775034293552812,1.2969821673525377,15.0,7000.0,2.0,4.0,0.10222222222222223,0.06666666666666667,15,0.057777777777777775,0.044444444444444446,3.411764705882353,0.9380324488783064,2,13,2.5346917492066092,0.0003081824858126731,0.0003081824858126731
1020657470,13.0,1358.0,0.04197349042709867,0.9293078055964654,11.0,5339.0,3.0,3.0,0.2066115702479339,0.09090909090909091,11,0.024793388429752067,0.09917355371900827,3.230769230769231,0.8158019856672292,2,12,2.342639539536156,0.00074754371185258,0.00074754371185258
3419740302,2.0,1381.0,0.002172338884866039,0.0,2.0,1382.0,1.0,2.0,0.5,0.0,2,0.0,0.25,2.0,0.3535533905932738,1,3,1.3208883431493221,0.0,0.0
3207331965,5.0,1137.0,0.006156552330694811,0.001759014951627089,4.0,1140.0,3.0,4.0,0.1875,0.25,4,0.0625,0.0625,3.0,0.38490017945975047,2,5,1.7210891492287168,0.0,0.0
3054230734,25.0,1111.0,0.2502250225022502,0.0018001800180018,30.0,12224.0,1.0,1.0,0.11333333333333333,0.06666666666666667,30,0.0044444444444444444,0.05444444444444444,3.4375,0.7590772998235673,1,12,3.238548213088764,0.010674275531628943,0.010674275531628943
2263499517,13.0,1261.0,0.052339413164155434,0.9738302934179223,10.0,5015.0,1.0,3.0,0.26,0.2,10,0.04,0.12,3.3333333333333335,0.8062257748298547,1,11,2.2345171598098243,0.0012330988275491468,0.0012330988275491468
2691592825,13.0,1358.0,0.06701030927835051,0.0,18.0,9506.0,2.0,3.0,0.16666666666666666,0.0,18,0.006172839506172839,0.08024691358024691,3.3,0.5836775843714613,2,9,2.850378408094519,0.017793512323079182,0.017793512323079182
1485612129,59.0,1045.0,1.1875598086124401,0.0,52.0,21947.0,2.0,3.0,0.0695266272189349,0.0,52,0.0073964497041420114,0.03106508875739645,4.037037037037037,0.6989356680638867,2,14,3.780334547253166,0.016312020163434943,0.016312020163434943
3773663837,4.0,1425.0,0.0077192982456140355,0.0007017543859649122,4.0,2853.0,1.0,1.0,0.6875,0.25,4,0.0625,0.3125,2.6666666666666665,0.673145600891813,1,6,1.5808185358593017,0.001756511049746879,0.001756511049746879
4031932754,6.0,1428.0,0.011204481792717087,0.0014005602240896359,6.0,2861.0,1.0,3.0,0.4166666666666667,0.16666666666666666,6,0.027777777777777776,0.19444444444444445,3.0,0.6236095644623235,1,7,1.9068215421795462,0.00118453532351428,0.00118453532351428
2048690129,1.0,1403.0,0.0014255167498218105,0.0,2.0,2806.0,1.0,1.0,0.5,0.0,2,0.0,0.25,1.5,0.3333333333333333,1,2,1.3296613488547582,0.0,0.0
3924013835,7.0,1377.0,0.01670297748729121,0.0014524328249818446,7.0,4133.0,1.0,4.0,0.32653061224489793,0.2857142857142857,7,0.04081632653061224,0.14285714285714285,3.111111111111111,0.4403152859263555,1,5,2.095081154365771,0.0,0.0
929084394,24.0,1449.0,0.2670807453416149,0.0013802622498274672,36.0,23187.0,2.0,2.0,0.08796296296296297,0.05555555555555555,36,0.004629629629629629,0.041666666666666664,3.3684210526315788,0.5423923424284307,2,7,3.5031896789319563,0.0061378057488073075,0.0061378057488073075
3958611871,4.0,1053.0,0.010446343779677113,0.000949667616334283,4.0,2109.0,1.0,3.0,0.4375,0.25,4,0.0625,0.1875,2.6666666666666665,0.59947894041409,1,6,1.6347589244440104,0.0,0.0
770910415,78.0,1242.0,1.7753623188405796,5.539452495974235,30.0,17833.0,2.0,2.0,0.10777777777777778,0.03333333333333333,30,0.0011111111111111111,0.05333333333333334,3.3125,0.6852460300881086,2,10,3.2802040896011224,9.533794471452125e-05,9.533794471452125e-05
1755522405,12.0,1263.0,0.04196357878068092,0.003167062549485352,12.0,5059.0,3.0,1.0,0.2708333333333333,0.08333333333333333,12,0.020833333333333332,0.125,3.5714285714285716,0.753657747256671,1,10,2.397700292950139,0.026801209741528515,0.026801209741528515
1324069871,6.0,1145.0,0.01572052401746725,0.0,8.0,3435.0,2.0,2.0,0.3125,0.0,8,0.0,0.15625,2.8,0.4460712855998856,2,5,2.212789613865925,0.0,0.0
3962111213,16.0,1128.0,0.08687943262411348,0.49379432624113473,16.0,6198.0,2.0,1.0,0.19140625,0.1875,16,0.01171875,0.08984375,3.2222222222222223,0.6081100720189102,1,8,2.7261497401167336,0.0005547094117305388,0.0005547094117305388
2356234176,12.0,1174.0,0.014480408858603067,0.0008517887563884157,11.0,1179.0,7.0,11.0,0.0743801652892562,0.09090909090909091,11,0.008264462809917356,0.03305785123966942,3.5384615384615383,0.8266588409491975,2,11,2.296104548906337,0.0,0.0
1506371188,6.0,1146.0,0.013089005235602094,0.0008726003490401396,6.0,2295.0,3.0,2.0,0.3611111111111111,0.16666666666666666,6,0.027777777777777776,0.16666666666666666,3.0,0.5,2,6,1.96867653663367,0.0008004064249216323,0.0008004064249216323
1421970043,12.0,1002.0,0.06387225548902195,0.9520958083832335,10.0,3967.0,1.0,1.0,0.25,0.1,10,0.05,0.12,3.1666666666666665,1.0137558044346435,1,13,2.135091531931337,0.0023692530450119477,0.0023692530450119477
3238897029,17.0,1164.0,0.1134020618556701,0.16838487972508592,28.0,7615.0,2.0,1.0,0.09311224489795919,0.03571428571428571,28,0.003826530612244898,0.04591836734693878,2.8,0.40616005021980905,1,6,3.323935302047702,0.0,0.0
3218471000,6.0,1328.0,0.015060240963855422,0.0007530120481927711,7.0,3986.0,3.0,2.0,0.30612244897959184,0.14285714285714285,7,0.02040816326530612,0.14285714285714285,2.888888888888889,0.5014771080925114,2,6,2.0884292530113857,0.0006437588815705516,0.0006437588815705516
1970235537,8.0,1020.0,0.03529411764705882,0.9794117647058823,5.0,4060.0,2.0,1.0,0.48,0.4,5,0.08,0.2,2.857142857142857,0.5431390245600107,1,6,1.808209563093396,0.001058068456814717,0.001058068456814717
3621581340,11.0,1287.0,0.06993006993006994,0.000777000777000777,17.0,10298.0,4.0,1.0,0.15570934256055363,0.058823529411764705,17,0.0034602076124567475,0.07612456747404844,2.9473684210526314,0.460146383097326,1,6,2.843486937256027,0.0003337954020212112,0.0003337954020212112
88770632,19.0,1383.0,0.15112075198843095,0.0,26.0,15213.0,1.0,2.0,0.13313609467455623,0.0,26,0.011834319526627219,0.060650887573964495,3.7142857142857144,0.6933752452815364,1,11,3.121923914298611,0.01585706917956455,0.01585706917956455
2777554039,16.0,1271.0,0.12273800157356413,0.0007867820613690008,22.0,12082.0,2.0,2.0,0.1384297520661157,0.045454545454545456,22,0.006198347107438017,0.06611570247933884,3.25,0.5421121669709223,2,8,3.0491895059698964,0.012656016058261747,0.012656016058261747
2099879486,83.0,1478.0,1.2131258457374832,2.3531799729364007,45.0,24300.0,1.0,1.0,0.07555555555555556,0.022222222222222223,45,0.0024691358024691358,0.03654320987654321,3.4468085106382977,0.6871010918194757,1,10,3.649237865005421,0.00455765380818435,0.00455765380818435
2329760402,16.0,1390.0,0.058992805755395686,0.0007194244604316547,14.0,6952.0,1.0,4.0,0.25,0.07142857142857142,14,0.03571428571428571,0.10714285714285714,4.125,0.7896251042906293,1,12,2.498179754597846,0.06813286448360437,0.06813286448360437
2864641779,12.0,1345.0,0.030483271375464683,0.002973977695167286,10.0,4040.0,2.0,1.0,0.34,0.4,10,0.04,0.15,3.6666666666666665,0.7820295697311479,1,10,2.2251143662331097,0.0009649210055400572,0.0009649210055400572
2540927143,11.0,1423.0,0.05692199578355587,0.0007027406886858749,16.0,9965.0,1.0,3.0,0.17578125,0.0625,16,0.00390625,0.0859375,3.0,0.5773502691896257,1,8,2.748646066135678,0.0004986063275798288,0.0004986063275798288
2843675563,9.0,1460.0,0.01986301369863014,0.0,11.0,4382.0,4.0,3.0,0.21487603305785125,0.0,11,0.0,0.10743801652892562,3.076923076923077,0.4315669125408017,2,6,2.478050051493409,0.0005282086724108912,0.0005282086724108912
4115309628,3.0,1248.0,0.004006410256410256,0.0008012820512820513,2.0,1250.0,1.0,2.0,0.75,0.5,2,0.25,0.25,2.5,0.6,1,5,1.2206072645530175,0.0,0.0
2316095755,3.0,1192.0,0.0041946308724832215,0.0008389261744966443,2.0,1194.0,1.0,2.0,0.75,0.5,2,0.25,0.25,2.5,0.6,1,5,1.2206072645530175,0.0,0.0
2650194452,46.0,1167.0,0.5741216795201372,0.0,41.0,16306.0,3.0,1.0,0.09875074360499703,0.0,41,0.013087447947650209,0.04283164782867341,4.558139534883721,0.8361433948550233,1,16,3.4702127039273534,0.01248308790147319,0.01248308790147319
3739866004,14.0,1408.0,0.03551136363636364,0.0014204545454545455,14.0,4232.0,2.0,2.0,0.23469387755102042,0.14285714285714285,14,0.01020408163265306,0.11224489795918367,3.5,0.8571428571428571,2,13,2.5026765902104424,0.0024314918278240567,0.0024314918278240567
237331716,18.0,1289.0,0.11481768813033359,0.0023273855702094647,19.0,10316.0,3.0,1.0,0.1883656509695291,0.10526315789473684,19,0.027700831024930747,0.08033240997229917,4.095238095238095,0.7145251858482428,1,10,2.8100877879778836,0.019841433160595508,0.019841433160595508
137646924,17.0,1312.0,0.09146341463414634,0.0007621951219512195,17.0,9185.0,4.0,3.0,0.17993079584775087,0.0,17,0.020761245674740483,0.07958477508650519,3.789473684210526,0.6608542918539067,2,10,2.75177550775918,0.022831650348985898,0.022831650348985898
197361940,21.0,1437.0,0.11969380654140571,0.0,28.0,11500.0,3.0,3.0,0.1096938775510204,0.0,28,0.0,0.0548469387755102,3.2666666666666666,0.6887566134973963,2,11,3.2163859830755848,0.0005409105150743865,0.0005409105150743865
1055989792,18.0,1019.0,0.1295387634936212,1.7850834151128558,15.0,5900.0,6.0,2.0,0.16,0.13333333333333333,15,0.02666666666666667,0.07111111111111111,3.5294117647058822,0.7659416862050705,2,10,2.5987858077465034,0.0,0.0
766017295,23.0,1242.0,0.13365539452495975,1.3727858293075685,21.0,8551.0,2.0,5.0,0.13378684807256236,0.14285714285714285,21,0.015873015873015872,0.061224489795918366,3.5652173913043477,0.8667978362886275,2,12,2.8516422729360134,0.0003957436230772951,0.0003957436230772951
2698331601,25.0,1223.0,0.3704006541291905,0.0,39.0,22017.0,2.0,3.0,0.0880999342537804,0.0,39,0.011834319526627219,0.03879026955950033,4.0,0.6271305150659066,2,9,3.530519570080447,0.014048723660338743,0.014048723660338743
3221250012,10.0,1207.0,0.03645401822700911,0.0,14.0,4837.0,4.0,3.0,0.17346938775510204,0.0,14,0.0,0.08673469387755102,3.0,0.40824829046386296,2,6,2.6959688401172732,0.0011590265597252148,0.0011590265597252148
2832262400,140.0,1042.0,3.103646833013436,0.9990403071017274,41.0,22362.0,1.0,2.0,0.0826888756692445,0.07317073170731707,41,0.010113027959547887,0.0362879238548483,3.7674418604651163,0.5146830514981687,1,7,3.6300565795256796,0.029035934544631117,0.029035934544631117
2477328851,5.0,1069.0,0.005612722170252572,0.0018709073900841909,4.0,1071.0,4.0,4.0,0.0625,0.25,4,0.0625,0.0,3.0,0.3333333333333333,2,4,1.7351264569629226,0.0,0.0
4136397663,3.0,1150.0,0.0034782608695652175,0.0,3.0,1151.0,2.0,3.0,0.2222222222222222,0.0,3,0.0,0.1111111111111111,2.4,0.2041241452319315,2,3,1.5890269151739727,0.0,0.0
479404128,5.0,1075.0,0.0065116279069767444,0.0018604651162790699,4.0,1078.0,3.0,4.0,0.1875,0.25,4,0.0625,0.0625,3.0,0.38490017945975047,2,5,1.7210891492287168,0.0,0.0
1108725813,22.0,1120.0,0.2982142857142857,0.0008928571428571428,40.0,16101.0,1.0,1.0,0.076875,0.025,40,0.003125,0.036875,3.142857142857143,0.5129185115094168,1,7,3.615758252162327,0.0037510952001236562,0.0037510952001236562
2850811392,83.0,1007.0,1.1559086395233367,0.0009930486593843098,26.0,14100.0,2.0,2.0,0.13165680473372782,0.038461538461538464,26,0.019230769230769232,0.05621301775147929,3.9285714285714284,0.5688904671695278,2,9,3.1780965603116464,0.04629876557160099,0.04629876557160099
1226892156,5.0,1312.0,0.006097560975609756,0.0007621951219512195,4.0,1315.0,2.0,4.0,0.3125,0.25,4,0.0625,0.125,3.0,0.5091750772173156,2,6,1.6769877743224173,0.0,0.0
2448991521,51.0,1452.0,0.48622589531680444,0.9290633608815427,31.0,18778.0,4.0,3.0,0.1040582726326743,0.06451612903225806,31,0.008324661810613945,0.047866805411030174,3.696969696969697,0.6192730087712821,2,9,3.323779569623354,0.015469748150537655,0.015469748150537655
3267189628,7.0,1130.0,0.024778761061946902,0.0,10.0,4520.0,4.0,2.0,0.22,0.0,10,0.0,0.11,2.8333333333333335,0.5161743757289483,2,7,2.37642176910705,0.0,0.0
2659440983,74.0,1146.0,1.7705061082024434,6.112565445026178,20.0,16744.0,3.0,3.0,0.15,0.1,20,0.01,0.07,3.4545454545454546,0.6277294969408718,2,9,2.9241926107399614,0.00933242427717975,0.00933242427717975
1843185836,6.0,1106.0,0.037070524412296565,1.3282097649186257,5.0,5333.0,1.0,1.0,0.32,0.0,5,0.08,0.16,2.2857142857142856,0.5590169943749473,1,5,1.8037193777688747,0.0009644323575152156,0.0009644323575152156
417652690,37.0,1116.0,0.3924731182795699,0.46774193548387094,28.0,12259.0,2.0,4.0,0.10076530612244898,0.03571428571428571,28,0.0012755102040816326,0.04974489795918367,3.066666666666667,0.48317632110636677,2,6,3.293954540810092,0.0,0.0
32998349,7.0,1081.0,0.02682701202590194,0.0009250693802035153,8.0,4325.0,2.0,1.0,0.390625,0.125,8,0.046875,0.171875,3.4,0.605625302411,1,7,2.1263859974337245,0.05744026336804116,0.05744026336804116
3916429855,14.0,1199.0,0.06755629691409508,1.3819849874895747,10.0,5849.0,2.0,3.0,0.22,0.2,10,0.06,0.09,3.3333333333333335,0.7483314773547882,2,11,2.2822557224319358,0.00044157247310250785,0.00044157247310250785
2155684753,16.0,1459.0,0.06716929403701165,0.0,16.0,8756.0,4.0,2.0,0.1953125,0.0,16,0.0234375,0.08984375,3.888888888888889,0.6851187890446742,2,9,2.681210933476949,0.023807365749075396,0.023807365749075396
1483316861,13.0,1322.0,0.0416036308623298,0.0015128593040847202,13.0,5291.0,3.0,3.0,0.23668639053254437,0.15384615384615385,13,0.023668639053254437,0.10650887573964497,3.7333333333333334,0.7151780140893138,2,9,2.4895578599682446,0.024810403446326887,0.024810403446326887
1565500726,19.0,1330.0,0.14736842105263157,1.374436090225564,16.0,11813.0,2.0,2.0,0.15234375,0.0625,16,0.03515625,0.06640625,3.3333333333333335,0.5567764362830022,2,8,2.7515009297255295,0.0196280996403185,0.0196280996403185
1754906050,51.0,1366.0,0.4333821376281113,0.0036603221083455345,37.0,15481.0,2.0,3.0,0.1241782322863404,0.05405405405405406,37,0.02483564645726808,0.050401753104455806,5.538461538461538,0.7232009038469898,2,16,3.4142973792120177,0.00722193479951786,0.00722193479951786
905944087,9.0,1346.0,0.04309063893016345,1.3150074294205052,8.0,6473.0,1.0,2.0,0.25,0.0,8,0.0625,0.109375,2.8,0.6546536707079773,1,8,2.1374004124233776,0.0012207198460599353,0.0012207198460599353
3290507710,13.0,1403.0,0.07626514611546685,1.4718460441910193,12.0,8385.0,1.0,3.0,0.2013888888888889,0.08333333333333333,12,0.034722222222222224,0.09027777777777778,3.142857142857143,0.6232413273091859,1,8,2.469038269643,0.0009674586362817113,0.0009674586362817113
3482942849,40.0,1451.0,0.30117160578911095,1.4038594073053068,28.0,14367.0,6.0,1.0,0.11862244897959184,0.03571428571428571,28,0.02423469387755102,0.04974489795918367,4.333333333333333,0.8538115031084068,1,15,3.1000918710684418,0.022987537716446637,0.022987537716446637
112733998,39.0,1289.0,0.5461598138091543,2.3762606671838635,16.0,9934.0,1.0,1.0,0.19140625,0.0625,16,0.00390625,0.09375,3.0,0.6285393610547089,1,8,2.7211549574894005,0.0,0.0
956004696,10.0,1395.0,0.017204301075268817,0.0007168458781362007,10.0,2794.0,4.0,5.0,0.21,0.1,10,0.01,0.1,3.3333333333333335,0.6284902544988267,2,8,2.3153888223030594,0.00038012200946455034,0.00038012200946455034
489497314,36.0,1028.0,0.3414396887159533,0.0009727626459143969,33.0,9778.0,3.0,3.0,0.08723599632690542,0.030303030303030304,33,0.0009182736455463728,0.04315886134067952,3.085714285714286,0.47987624147592367,2,7,3.4528279255802725,0.0,0.0
1328575992,128.0,1196.0,1.6078595317725752,0.0008361204013377926,40.0,17943.0,3.0,2.0,0.08875,0.0,40,0.01125,0.039375,4.095238095238095,0.7456381182270418,2,15,3.509442575924531,0.01106247510994894,0.01106247510994894
1668209224,5.0,1253.0,0.03192338387869114,0.0,12.0,10024.0,2.0,1.0,0.19444444444444445,0.0,12,0.0,0.09722222222222222,2.4285714285714284,0.3379154497963546,1,4,2.5831775723828896,0.0,0.0
2303045220,45.0,1277.0,0.5998433829287392,0.0,46.0,21710.0,2.0,1.0,0.09262759924385633,0.0,46,0.01606805293005671,0.03827977315689981,4.916666666666667,0.9346654697601514,1,17,3.504123139837304,0.03734427672155317,0.03734427672155317
1005698638,223.0,1409.0,3.715400993612491,1.4201561391057487,57.0,30408.0,2.0,1.0,0.05417051400430902,0.0,57,0.0006155740227762388,0.02677746999076639,3.1186440677966103,0.5964906031929945,1,9,3.928054596411688,0.0,0.0
2438939027,18.0,1140.0,0.12017543859649123,0.8605263157894737,18.0,6697.0,2.0,1.0,0.1388888888888889,0.05555555555555555,18,0.015432098765432098,0.06790123456790123,3.0,0.5868938953886337,1,8,2.850737546177401,0.000646894317932626,0.000646894317932626
1116943388,15.0,1346.0,0.05794947994056464,0.0014858841010401188,12.0,6733.0,1.0,1.0,0.3263888888888889,0.08333333333333333,12,0.04861111111111111,0.1388888888888889,4.142857142857143,0.8050081055123278,1,11,2.3384162655999883,0.07684967601752143,0.07684967601752143
45353493,30.0,1190.0,0.32100840336134456,0.9100840336134454,30.0,14176.0,4.0,5.0,0.09222222222222222,0.03333333333333333,30,0.005555555555555556,0.044444444444444446,3.375,0.5773502691896257,2,9,3.320204966714157,0.007421268096612145,0.007421268096612145
1589965743,79.0,1474.0,1.2360922659430122,3.378561736770692,48.0,29323.0,2.0,3.0,0.0681423611111111,0.020833333333333332,48,0.0013020833333333333,0.03342013888888889,3.4,0.6655122646461624,2,10,3.728115785030692,0.003495819391814882,0.003495819391814882
1399829523,4.0,1156.0,0.005190311418685121,0.0008650519031141869,3.0,1158.0,2.0,3.0,0.3333333333333333,0.3333333333333333,3,0.1111111111111111,0.1111111111111111,2.8,0.41649656391752143,2,5,1.5317780787913653,0.0,0.0
4200905625,17.0,1239.0,0.13882163034705408,1.3325262308313155,14.0,10962.0,1.0,1.0,0.2193877551020408,0.07142857142857142,14,0.04591836734693878,0.09183673469387756,3.625,0.7671929469409307,1,12,2.5337432511856806,0.037156375513459884,0.037156375513459884
2509395949,10.0,1036.0,0.05888030888030888,1.3204633204633205,9.0,5007.0,3.0,1.0,0.2222222222222222,0.0,9,0.04938271604938271,0.09876543209876543,2.909090909090909,0.6945659615904022,1,9,2.2191783882483906,0.0006049948880309087,0.0006049948880309087
3712576071,8.0,1297.0,0.040092521202775636,1.2721665381649963,7.0,6175.0,1.0,2.0,0.20408163265306123,0.0,7,0.08163265306122448,0.10204081632653061,2.6666666666666665,0.6123724356957946,1,7,2.047032306139808,0.0,0.0
4279836681,253.0,1146.0,7.114310645724259,5.117801047120419,23.0,15276.0,2.0,2.0,0.15879017013232513,0.08695652173913043,23,0.022684310018903593,0.06805293005671077,4.16,0.6545527855814426,2,10,3.0241330825987447,0.030486044843271574,0.030486044843271574
2839939846,7.0,1128.0,0.015070921985815602,0.0026595744680851063,6.0,2260.0,3.0,2.0,0.3888888888888889,0.3333333333333333,6,0.05555555555555555,0.16666666666666666,3.25,0.5908573652206621,2,7,1.927356671469201,0.0007323153741305173,0.0007323153741305173
2990362917,38.0,1434.0,0.45188284518828453,2.275453277545328,40.0,22636.0,3.0,3.0,0.08125,0.05,40,0.0025,0.039375,3.4761904761904763,0.7354008510394273,2,13,3.5297513519786468,0.0037039585506072024,0.0037039585506072024
2972592603,4.0,1325.0,0.009056603773584906,0.0,6.0,3975.0,1.0,4.0,0.2777777777777778,0.0,6,0.0,0.1388888888888889,2.5,0.4898979485566356,1,5,1.969540332941515,0.0,0.0
3738265393,7.0,1283.0,0.018706157443491817,0.001558846453624318,7.0,3852.0,1.0,3.0,0.3673469387755102,0.2857142857142857,7,0.04081632653061224,0.16326530612244897,3.111111111111111,0.4403152859263555,1,5,2.095081154365771,0.0,0.0
660052334,200.0,1077.0,4.702878365831012,4.357474466109563,26.0,11611.0,3.0,2.0,0.13609467455621302,0.07692307692307693,26,0.011834319526627219,0.0621301775147929,3.9285714285714284,0.7784281683130054,2,11,3.0769450682224946,0.007689210166152218,0.007689210166152218
4234330716,14.0,1199.0,0.061718098415346125,0.0008340283569641367,12.0,5999.0,2.0,2.0,0.2986111111111111,0.08333333333333333,12,0.04861111111111111,0.125,4.142857142857143,0.7570516689689707,2,12,2.389333350492687,0.08722636585957692,0.08722636585957692
2205582133,185.0,1052.0,3.8279467680608366,0.0009505703422053232,70.0,22532.0,2.0,2.0,0.05102040816326531,0.0,70,0.004897959183673469,0.023061224489795917,3.9166666666666665,0.7391894794059664,2,14,4.054140450354247,0.013353377902984218,0.013353377902984218
1975797129,11.0,1198.0,0.05342237061769616,0.0008347245409015025,16.0,6603.0,2.0,2.0,0.18359375,0.0625,16,0.01171875,0.0859375,3.2222222222222223,0.49130368444051753,2,8,2.784943972308736,0.018236526758012142,0.018236526758012142
2884184527,7.0,1025.0,0.021463414634146343,0.0,9.0,3076.0,2.0,3.0,0.2716049382716049,0.0,9,0.0,0.13580246913580246,2.909090909090909,0.47392971525322186,2,6,2.2987727398040403,0.0005223239464301126,0.0005223239464301126
2088932046,2.0,1007.0,0.004965243296921549,0.0,3.0,2015.0,1.0,2.0,0.4444444444444444,0.0,3,0.0,0.2222222222222222,2.0,0.31622776601683794,1,3,1.5571130980576458,0.0,0.0
1238849772,6.0,1183.0,0.01098901098901099,0.0,7.0,2367.0,3.0,4.0,0.24489795918367346,0.0,7,0.0,0.12244897959183673,2.888888888888889,0.3807498052542948,2,5,2.128679110224043,0.0,0.0
230658130,46.0,1467.0,0.5385139740967961,1.4260395364689844,25.0,9702.0,3.0,4.0,0.1168,0.04,25,0.0016,0.0576,3.259259259259259,0.5320318141236193,2,8,3.1689180594393838,0.0001771146664990113,0.0001771146664990113
3504273546,17.0,1465.0,0.08327645051194539,0.0006825938566552901,22.0,10258.0,2.0,3.0,0.1384297520661157,0.045454545454545456,22,0.002066115702479339,0.06818181818181818,3.25,0.6358767573147305,2,8,3.0078226419062757,0.00036301373379944127,0.00036301373379944127
3053207217,4.0,1323.0,0.0045351473922902496,0.0030234315948601664,3.0,1328.0,2.0,3.0,0.3333333333333333,0.3333333333333333,3,0.1111111111111111,0.1111111111111111,2.8,0.41649656391752143,2,5,1.5317780787913653,0.0,0.0
2994789939,68.0,1402.0,0.8166904422253923,1.3345221112696148,43.0,20789.0,3.0,2.0,0.08112493239588967,0.0,43,0.01081665765278529,0.03623580313683072,4.088888888888889,0.8747130234230743,2,17,3.51052257809552,0.01106615170465088,0.01106615170465088
3298823946,12.0,1377.0,0.058823529411764705,1.3529411764705883,10.0,6662.0,3.0,2.0,0.15,0.1,10,0.07,0.07,3.1666666666666665,0.77173043676922,2,11,2.2819651973286526,0.0,0.0
2684155435,8.0,1164.0,0.029209621993127148,0.000859106529209622,9.0,4658.0,2.0,1.0,0.35802469135802467,0.1111111111111111,9,0.037037037037037035,0.16049382716049382,3.4545454545454546,0.6337681357259103,1,7,2.207105774699213,0.04280391114603546,0.04280391114603546
3395458479,5.0,1247.0,0.0056134723336006415,0.0008019246190858059,4.0,1249.0,3.0,4.0,0.1875,0.25,4,0.0625,0.0625,3.0,0.38490017945975047,2,5,1.7210891492287168,0.0,0.0
1697873135,5.0,1117.0,0.010743061772605193,0.0008952551477170994,5.0,2236.0,2.0,3.0,0.36,0.2,5,0.04,0.16,2.857142857142857,0.47434164902525694,2,6,1.8513618739611633,0.0,0.0
820895704,16.0,1447.0,0.0691085003455425,0.000691085003455425,19.0,8686.0,3.0,4.0,0.1634349030470914,0.05263157894736842,19,0.013850415512465374,0.07479224376731301,3.7142857142857144,0.7202344566763148,2,11,2.8272386574081056,0.01973287152837138,0.01973287152837138
2273625447,3.0,1167.0,0.005141388174807198,0.0,4.0,2334.0,2.0,2.0,0.375,0.0,4,0.0,0.1875,2.3333333333333335,0.20203050891044214,2,3,1.7721393884375283,0.0,0.0
1764373642,12.0,1088.0,0.04503676470588235,0.0009191176470588235,14.0,4353.0,2.0,6.0,0.17857142857142858,0.07142857142857142,14,0.00510204081632653,0.08673469387755102,3.25,0.6572310573321177,2,8,2.593284374682594,0.0,0.0
1087383037,3.0,1025.0,0.003902439024390244,0.0,3.0,1026.0,2.0,3.0,0.2222222222222222,0.0,3,0.0,0.1111111111111111,2.4,0.2041241452319315,2,3,1.5890269151739727,0.0,0.0
439419453,17.0,1273.0,0.10683424980361352,0.0,23.0,10184.0,1.0,7.0,0.1285444234404537,0.0,23,0.007561436672967864,0.06049149338374291,3.52,0.7192382908384846,1,10,3.0032278231150515,0.012881797750222867,0.012881797750222867
903361128,9.0,1246.0,0.03130016051364366,0.0008025682182985554,10.0,4987.0,1.0,2.0,0.33,0.1,10,0.03,0.15,3.5,0.7046975517594639,1,9,2.263902971978815,0.03273080302983639,0.03273080302983639
1677285792,4.0,1326.0,0.006787330316742082,0.0015082956259426848,4.0,2654.0,2.0,2.0,0.4375,0.25,4,0.0625,0.1875,2.6666666666666665,0.41457809879442503,2,5,1.7170759801988817,0.0,0.0
373033123,22.0,1395.0,0.1053763440860215,0.0014336917562724014,29.0,9063.0,3.0,5.0,0.09988109393579073,0.06896551724137931,29,0.0023781212841854932,0.04875148632580262,3.2903225806451615,0.541439265548395,2,8,3.3047934409678192,0.00023199874997394243,0.00023199874997394243
2605440891,25.0,1038.0,0.28901734104046245,1.8477842003853564,23.0,11263.0,6.0,1.0,0.11720226843100189,0.0,23,0.011342155009451797,0.054820415879017016,3.36,0.6675164651845803,1,9,3.033602790689271,0.005965111169319366,0.005965111169319366
375518939,7.0,1409.0,0.007806955287437899,0.0007097232079489,6.0,1413.0,3.0,6.0,0.19444444444444445,0.16666666666666666,6,0.027777777777777776,0.08333333333333333,3.25,0.5908573652206621,2,7,1.927356671469201,0.0,0.0
3112649769,16.0,1242.0,0.1642512077294686,0.0,31.0,15545.0,1.0,2.0,0.09365244536940687,0.0,31,0.002081165452653486,0.045785639958376693,2.9696969696969697,0.49381851561481066,1,7,3.387701473321044,0.005812135566874781,0.005812135566874781
2401864653,12.0,1355.0,0.037638376383763834,0.0014760147601476014,13.0,5423.0,2.0,4.0,0.20710059171597633,0.07692307692307693,13,0.005917159763313609,0.10059171597633136,3.2,0.7144345083117601,2,11,2.525727772699571,0.0002958936711013834,0.0002958936711013834
2944381837,15.0,1337.0,0.08601346297681377,0.0014958863126402393,21.0,10026.0,2.0,3.0,0.1360544217687075,0.09523809523809523,21,0.0045351473922902496,0.06575963718820861,3.130434782608696,0.42446407749822573,2,6,3.049621245301946,0.00020321514993240256,0.00020321514993240256
3237130242,8.0,1156.0,0.04411764705882353,0.0008650519031141869,12.0,6939.0,1.0,1.0,0.24305555555555555,0.08333333333333333,12,0.006944444444444444,0.11805555555555555,2.857142857142857,0.5744562646538028,1,7,2.4886756174430453,0.000820940613813972,0.000820940613813972
2616557590,7.0,1170.0,0.015384615384615385,0.0017094017094017094,6.0,2344.0,2.0,4.0,0.3333333333333333,0.3333333333333333,6,0.05555555555555555,0.1388888888888889,3.25,0.5493406483494501,2,7,1.9448192358816085,0.0,0.0
2790977429,9.0,1447.0,0.015894955079474776,0.00138217000691085,8.0,2899.0,3.0,2.0,0.34375,0.25,8,0.03125,0.15625,3.4,0.7578881603955956,2,9,2.0731119680482726,0.0013101222865967246,0.0013101222865967246
621324029,6.0,1176.0,0.006802721088435374,0.0017006802721088435,5.0,1179.0,4.0,5.0,0.12,0.2,5,0.04,0.04,3.142857142857143,0.4312196809320517,2,5,1.8553727254810375,0.0,0.0
1246847430,9.0,1058.0,0.02835538752362949,0.001890359168241966,10.0,3177.0,3.0,2.0,0.28,0.2,10,0.02,0.13,3.3333333333333335,0.5787918451395112,2,8,2.33942061538142,0.0007719181126930749,0.0007719181126930749
1335122464,2.0,1435.0,0.0020905923344947735,0.0013937282229965157,1.0,1437.0,1.0,1.0,1.0,1.0,1,1.0,0.0,2.0,0.7071067811865476,1,4,0.8675632284814612,0.0,0.0
3414854618,14.0,1380.0,0.07898550724637682,0.0014492753623188406,22.0,10300.0,1.0,2.0,0.13636363636363635,0.09090909090909091,22,0.008264462809917356,0.0640495867768595,3.1666666666666665,0.5367388961676616,1,8,3.0486160145348107,0.016674237408787995,0.016674237408787995
2044638285,7.0,1107.0,0.016260162601626018,0.0036133694670280035,6.0,2220.0,1.0,5.0,0.3333333333333333,0.3333333333333333,6,0.05555555555555555,0.1388888888888889,3.25,0.5908573652206621,1,6,1.908347282737377,0.0,0.0
2079040558,167.0,1261.0,2.5337034099920697,0.0007930214115781126,56.0,23323.0,1.0,1.0,0.05963010204081633,0.017857142857142856,56,0.00350765306122449,0.02806122448979592,3.4827586206896552,0.5895039860041266,1,9,3.9051691932856025,0.008051578304531577,0.008051578304531577
463065208,10.0,1106.0,0.06600361663652803,0.0009041591320072332,14.0,7745.0,1.0,1.0,0.23979591836734693,0.07142857142857142,14,0.025510204081632654,0.10714285714285714,3.5,0.6226998490772392,1,8,2.5860727266899453,0.018520255723793178,0.018520255723793178
581020496,10.0,1206.0,0.03897180762852405,0.0024875621890547263,12.0,4780.0,2.0,2.0,0.2361111111111111,0.16666666666666666,12,0.013888888888888888,0.1111111111111111,3.142857142857143,0.46354722850843505,2,7,2.543284470308164,0.0005699553297999731,0.0005699553297999731
1481292172,7.0,1368.0,0.01608187134502924,0.0007309941520467836,8.0,4105.0,2.0,2.0,0.328125,0.125,8,0.015625,0.15625,3.0,0.53748384988657,2,7,2.1819306981859654,0.0,0.0
4166426989,23.0,1340.0,0.13507462686567165,0.0014925373134328358,29.0,8857.0,2.0,3.0,0.11652794292508918,0.06896551724137931,29,0.009512485136741973,0.0535077288941736,3.7419354838709675,0.6509619699535472,2,9,3.2429649989607827,0.009082988150722733,0.009082988150722733
3860928063,16.0,1443.0,0.0990990990990991,2.266805266805267,15.0,9760.0,2.0,2.0,0.2088888888888889,0.06666666666666667,15,0.0044444444444444444,0.10222222222222223,3.2941176470588234,0.7981963085223932,2,10,2.5937819107569258,0.003556840013487625,0.003556840013487625
3388013369,13.0,1169.0,0.07356715141146279,0.9726261762189906,13.0,6985.0,4.0,1.0,0.1834319526627219,0.07692307692307693,13,0.01775147928994083,0.08875739644970414,3.066666666666667,0.5768043113661565,1,7,2.5601698586723294,0.0006944063443227205,0.0006944063443227205
3048389580,4.0,1410.0,0.00425531914893617,0.0028368794326241137,3.0,1415.0,2.0,3.0,0.3333333333333333,0.3333333333333333,3,0.1111111111111111,0.1111111111111111,2.8,0.41649656391752143,2,5,1.5317780787913653,0.0,0.0
2564793769,5.0,1229.0,0.013832384052074858,0.0,7.0,3689.0,1.0,1.0,0.40816326530612246,0.0,7,0.0,0.20408163265306123,2.6666666666666665,0.5590169943749475,1,5,2.045356579793774,0.0018690099098631683,0.0018690099098631683
57848464,7.0,1329.0,0.013544018058690745,0.002257336343115124,6.0,2663.0,2.0,2.0,0.4444444444444444,0.3333333333333333,6,0.05555555555555555,0.19444444444444445,3.25,0.6661733875264914,2,7,1.890384682117877,0.0012434090009590993,0.0012434090009590993
3471406414,10.0,1297.0,0.03469545104086353,0.0007710100231303007,12.0,5193.0,3.0,2.0,0.22916666666666666,0.08333333333333333,12,0.006944444444444444,0.1111111111111111,3.142857142857143,0.6232413273091859,2,8,2.4802710902572596,0.0014510220768721596,0.0014510220768721596
4135417142,11.0,1315.0,0.037262357414448666,0.001520912547528517,13.0,5266.0,2.0,4.0,0.20710059171597633,0.07692307692307693,13,0.005917159763313609,0.10059171597633136,3.2,0.6475112611633355,2,8,2.5374049244343353,0.0009931866388550275,0.0009931866388550275
4079111156,13.0,1299.0,0.08160123171670516,0.0007698229407236335,21.0,10394.0,1.0,1.0,0.1473922902494331,0.047619047619047616,21,0.0022675736961451248,0.07256235827664399,3.0434782608695654,0.560611910581388,1,7,2.9908318581841837,0.0002035738598115764,0.0002035738598115764
3350463378,4.0,1152.0,0.009548611111111112,0.0008680555555555555,4.0,2307.0,1.0,1.0,0.6875,0.25,4,0.0625,0.3125,2.6666666666666665,0.673145600891813,1,6,1.5808185358593017,0.0020245208756940044,0.0020245208756940044
3377720545,3.0,1467.0,0.002044989775051125,0.0,3.0,1467.0,3.0,3.0,0.0,0.0,3,0.0,0.0,2.4,0.2041241452319315,2,3,1.5890269151739727,0.0,0.0
1170958464,17.0,1124.0,0.1387900355871886,0.0026690391459074734,22.0,10119.0,3.0,2.0,0.13429752066115702,0.13636363636363635,22,0.006198347107438017,0.0640495867768595,3.25,0.5773502691896257,2,8,3.0354010402741753,0.0,0.0
4043205899,3.0,1172.0,0.004266211604095563,0.0034129692832764505,2.0,1177.0,1.0,2.0,0.75,0.5,2,0.25,0.25,2.5,0.6,1,5,1.2206072645530175,0.0,0.0
1251622441,6.0,1187.0,0.013479359730412805,0.0008424599831508003,6.0,2378.0,1.0,4.0,0.3611111111111111,0.16666666666666666,6,0.027777777777777776,0.16666666666666666,3.0,0.5527707983925666,1,6,1.9327162775771973,0.0007069631748698646,0.0007069631748698646
1538702335,3.0,1357.0,0.0036845983787767134,0.0014738393515106854,2.0,1360.0,1.0,2.0,0.75,0.5,2,0.25,0.25,2.5,0.6,1,5,1.2206072645530175,0.0,0.0
3912636717,6.0,1020.0,0.025490196078431372,0.000980392156862745,7.0,4082.0,2.0,1.0,0.42857142857142855,0.14285714285714285,7,0.061224489795918366,0.1836734693877551,3.3333333333333335,0.58309518948453,1,7,2.0342820419223484,0.09149049819639272,0.09149049819639272
3507279738,8.0,1311.0,0.014492753623188406,0.0038138825324180014,7.0,2628.0,3.0,4.0,0.2857142857142857,0.2857142857142857,7,0.04081632653061224,0.12244897959183673,3.3333333333333335,0.5477225575051661,2,7,2.063050249167526,0.0,0.0
805667083,15.0,1375.0,0.09963636363636363,2.2865454545454544,14.0,9345.0,2.0,1.0,0.22959183673469388,0.07142857142857142,14,0.00510204081632653,0.11224489795918367,3.25,0.8177035240565116,1,10,2.5223814642344418,0.008212801611030239,0.008212801611030239
2899599436,7.0,1264.0,0.023734177215189875,0.0007911392405063291,8.0,5058.0,2.0,1.0,0.390625,0.125,8,0.046875,0.171875,3.4,0.576350527713689,1,6,2.1372331183257223,0.057129659088078086,0.057129659088078086
810317343,20.0,1048.0,0.16698473282442747,1.3931297709923665,19.0,7243.0,3.0,2.0,0.13850415512465375,0.10526315789473684,19,0.0221606648199446,0.06371191135734072,3.4285714285714284,0.7344057814667936,2,11,2.83234074181935,0.0007675067181057779,0.0007675067181057779
3993900346,11.0,1048.0,0.07729007633587787,1.3349236641221374,9.0,5060.0,1.0,1.0,0.18518518518518517,0.1111111111111111,9,0.1111111111111111,0.07407407407407407,3.090909090909091,0.8442764761416074,1,9,2.1138853316106223,0.0009327187218650296,0.0009327187218650296
3570656496,13.0,1401.0,0.03997144896502498,0.0007137758743754461,14.0,5608.0,3.0,4.0,0.20408163265306123,0.0,14,0.01020408163265306,0.09693877551020408,3.5,0.67005939426049,2,9,2.5827968325796995,0.019298221426481427,0.019298221426481427
4081867345,5.0,1302.0,0.005376344086021506,0.0030721966205837174,4.0,1307.0,3.0,4.0,0.1875,0.25,4,0.0625,0.0625,3.0,0.38490017945975047,2,5,1.7210891492287168,0.0,0.0
2691645130,37.0,1263.0,0.6389548693586699,4.585114806017419,41.0,22221.0,2.0,2.0,0.07911957168352171,0.024390243902439025,41,0.000594883997620464,0.039262343842950624,3.302325581395349,0.6834977779465311,2,12,3.5784740686820298,0.00012663735849908705,0.00012663735849908705
23762569,6.0,1110.0,0.007207207207207207,0.0,6.0,1112.0,4.0,6.0,0.1111111111111111,0.0,6,0.0,0.05555555555555555,3.0,0.47140452079103173,2,6,1.9792045174343245,0.0,0.0
3319677089,5.0,1281.0,0.00624512099921936,0.00156128024980484,4.0,1285.0,2.0,4.0,0.3125,0.25,4,0.0625,0.125,3.0,0.5091750772173156,2,6,1.6769877743224173,0.0,0.0
2466263228,4.0,1033.0,0.00484027105517909,0.0,4.0,1034.0,3.0,4.0,0.125,0.0,4,0.0,0.0625,2.6666666666666665,0.2795084971874737,2,4,1.754105330999288,0.0,0.0
97022968,24.0,1334.0,0.15067466266866567,1.3575712143928036,24.0,9173.0,3.0,5.0,0.09375,0.0,24,0.013888888888888888,0.04513888888888889,3.230769230769231,0.5243503701320295,2,8,3.135556700621605,0.0002891979793987145,0.0002891979793987145
3957069401,4.0,1400.0,0.004285714285714286,0.0014285714285714286,3.0,1403.0,2.0,3.0,0.3333333333333333,0.3333333333333333,3,0.1111111111111111,0.1111111111111111,2.8,0.41649656391752143,2,5,1.5317780787913653,0.0,0.0
919613242,67.0,1070.0,1.6289719626168224,0.0009345794392523365,60.0,27821.0,3.0,3.0,0.05722222222222222,0.0,60,0.005,0.026111111111111113,3.806451612903226,0.6185279668163636,2,8,3.9499072027104973,0.01885508044686927,0.01885508044686927
3374835621,20.0,1310.0,0.06946564885496183,0.0,26.0,5621.0,3.0,3.0,0.11834319526627218,0.0,26,0.0,0.05917159763313609,3.2857142857142856,0.6550660510138854,2,10,3.1598969083313273,0.0012015880718285916,0.0012015880718285916
3667828084,2.0,1455.0,0.003436426116838488,0.0006872852233676976,2.0,2911.0,1.0,1.0,0.75,0.5,2,0.25,0.25,2.0,0.6123724356957945,1,4,1.2130075659799042,0.0,0.0
726428535,42.0,1300.0,0.4876923076923077,0.0015384615384615385,39.0,19504.0,2.0,3.0,0.10585141354372124,0.02564102564102564,39,0.020381328073635765,0.042735042735042736,4.926829268292683,0.8992475805670923,2,15,3.3685893307782475,0.017632766031458438,0.017632766031458438
1657064175,6.0,1175.0,0.013617021276595745,0.003404255319148936,5.0,2356.0,1.0,3.0,0.48,0.4,5,0.08,0.2,3.142857142857143,0.5995866344669509,1,6,1.774868199717377,0.0008562725585933241,0.0008562725585933241
1599673942,11.0,1118.0,0.046511627906976744,0.9409660107334525,8.0,4407.0,3.0,2.0,0.3125,0.25,8,0.03125,0.140625,3.2,0.5896238207535377,2,8,2.158188953649338,0.0005728153876960881,0.0005728153876960881
77909793,7.0,1193.0,0.009220452640402346,0.0016764459346186086,6.0,1198.0,3.0,6.0,0.19444444444444445,0.16666666666666666,6,0.027777777777777776,0.08333333333333333,3.25,0.5908573652206621,2,7,1.927356671469201,0.0,0.0
3909155393,45.0,1271.0,1.103855232100708,3.2698662470495674,38.0,16917.0,1.0,2.0,0.07686980609418283,0.02631578947368421,38,0.004847645429362881,0.036703601108033244,3.15,0.37259347918430163,1,6,3.619935943917679,0.009741142012808634,0.009741142012808634
1770947247,15.0,1381.0,0.07530774800868936,1.3446777697320782,13.0,8044.0,4.0,1.0,0.17751479289940827,0.15384615384615385,13,0.03550295857988166,0.08284023668639054,3.3333333333333335,0.5966573556070519,1,8,2.5447320993428635,0.0009299003794801744,0.0009299003794801744
4075009286,10.0,1050.0,0.04476190476190476,0.9495238095238095,8.0,4151.0,1.0,1.0,0.40625,0.25,8,0.03125,0.1875,3.2,0.667317390751957,1,8,2.0963525794641384,0.0022629710469337064,0.0022629710469337064
753302945,4.0,1063.0,0.00658513640639699,0.0018814675446848542,3.0,1067.0,1.0,3.0,0.5555555555555556,0.3333333333333333,3,0.1111111111111111,0.2222222222222222,2.8,0.614451804788759,1,6,1.4377014436429414,0.0,0.0
399959019,34.0,1177.0,0.28717077315208156,0.15293118096856415,64.0,10973.0,1.0,2.0,0.044189453125,0.046875,64,0.000732421875,0.021728515625,2.878787878787879,0.40795415526476003,1,7,4.1141560878371966,0.0004585621840910289,0.0004585621840910289
1096734610,4.0,1410.0,0.00425531914893617,0.0007092198581560284,3.0,1412.0,2.0,3.0,0.3333333333333333,0.3333333333333333,3,0.1111111111111111,0.1111111111111111,2.8,0.41649656391752143,2,5,1.5317780787913653,0.0,0.0
2532841724,3.0,1316.0,0.003799392097264438,0.001519756838905775,2.0,1319.0,1.0,2.0,0.75,0.5,2,0.25,0.25,2.5,0.6,1,5,1.2206072645530175,0.0,0.0
4290185072,5.0,1493.0,0.0053583389149363695,0.0006697923643670462,4.0,1496.0,2.0,4.0,0.3125,0.25,4,0.0625,0.125,3.0,0.5091750772173156,2,6,1.6769877743224173,0.0,0.0
1186414719,7.0,1271.0,0.023603461841070025,0.0,10.0,5086.0,2.0,3.0,0.24,0.0,10,0.0,0.12,2.8333333333333335,0.4518321028158004,2,6,2.3972629509870127,0.0004976710512405608,0.0004976710512405608
3042382926,5.0,1359.0,0.003679175864606328,0.0,5.0,1359.0,5.0,5.0,0.0,0.0,5,0.0,0.0,2.857142857142857,0.47434164902525694,2,5,1.844439727056968,0.0,0.0
33176424,5.0,1479.0,0.014198782961460446,0.000676132521974307,7.0,5917.0,2.0,2.0,0.30612244897959184,0.14285714285714285,7,0.02040816326530612,0.14285714285714285,2.6666666666666665,0.4677071733467427,2,6,2.1088873005939317,0.0,0.0
3823533503,16.0,1232.0,0.08198051948051949,0.8863636363636364,15.0,7255.0,3.0,2.0,0.19111111111111112,0.06666666666666667,15,0.0044444444444444444,0.09333333333333334,3.176470588235294,0.6933942676610761,2,10,2.6462891702255593,0.0005811004773746283,0.0005811004773746283
